title,url,price,availability,rating
A Light in the Attic,a-light-in-the-attic_1000/index.html,£51.77,In stock,star-rating Three
Tipping the Velvet,tipping-the-velvet_999/index.html,£53.74,In stock,star-rating One
Soumission,soumission_998/index.html,£50.10,In stock,star-rating One
Sharp Objects,sharp-objects_997/index.html,£47.82,In stock,star-rating Four
Sapiens: A Brief History of Humankind,sapiens-a-brief-history-of-humankind_996/index.html,£54.23,In stock,star-rating Five
The Requiem Red,the-requiem-red_995/index.html,£22.65,In stock,star-rating One
The Dirty Little Secrets of Getting Your Dream Job,the-dirty-little-secrets-of-getting-your-dream-job_994/index.html,£33.34,In stock,star-rating Four
"The Coming Woman: A Novel Based on the Life of the Infamous Feminist, Victoria Woodhull",the-coming-woman-a-novel-based-on-the-life-of-the-infamous-feminist-victoria-woodhull_993/index.html,£17.93,In stock,star-rating Three
The Boys in the Boat: Nine Americans and Their Epic Quest for Gold at the 1936 Berlin Olympics,the-boys-in-the-boat-nine-americans-and-their-epic-quest-for-gold-at-the-1936-berlin-olympics_992/index.html,£22.60,In stock,star-rating Four
